Geçiş,Sayı,İhtimal
Düşüş_Düşüş,3,0.3333333333333333
Düşüş_Yükseliş,3,0.3333333333333333
Düşüş_Yatay,3,0.3333333333333333
Yatay_Düşüş,2,0.2222222222222222
Yatay_Yükseliş,5,0.5555555555555556
Yatay_Yatay,2,0.2222222222222222
Yükseliş_Düşüş,3,0.23076923076923078
Yükseliş_Yükseliş,5,0.38461538461538464
Yükseliş_Yatay,5,0.38461538461538464
